region_id,region_name,infrastructure_family,strategic_level,coverage_status,objects_identified,objects_validated,objects_published,priority_gaps,last_reviewed,reviewer
north_america,North America,maritime,L1_global_structural,none,0,0,0,,,
north_america,North America,maritime,L2_macro_regional_structural,none,0,0,0,,,
north_america,North America,maritime,L3_strategic_connector,none,0,0,0,,,
north_america,North America,rail,L1_global_structural,none,0,0,0,,,
north_america,North America,rail,L2_macro_regional_structural,none,0,0,0,,,
north_america,North America,rail,L3_strategic_connector,none,0,0,0,,,
north_america,North America,road,L1_global_structural,none,0,0,0,,,
north_america,North America,road,L2_macro_regional_structural,none,0,0,0,,,
north_america,North America,road,L3_strategic_connector,none,0,0,0,,,
north_america,North America,inland_waterway,L1_global_structural,none,0,0,0,,,
north_america,North America,inland_waterway,L2_macro_regional_structural,none,0,0,0,,,
north_america,North America,inland_waterway,L3_strategic_connector,none,0,0,0,,,
north_america,North America,intermodal_logistics,L1_global_structural,none,0,0,0,,,
north_america,North America,intermodal_logistics,L2_macro_regional_structural,none,0,0,0,,,
north_america,North America,intermodal_logistics,L3_strategic_connector,none,0,0,0,,,
north_america,North America,air_cargo,L1_global_structural,none,0,0,0,,,
north_america,North America,air_cargo,L2_macro_regional_structural,none,0,0,0,,,
north_america,North America,air_cargo,L3_strategic_connector,none,0,0,0,,,
north_america,North America,energy,L1_global_structural,none,0,0,0,,,
north_america,North America,energy,L2_macro_regional_structural,none,0,0,0,,,
north_america,North America,energy,L3_strategic_connector,none,0,0,0,,,
north_america,North America,digital,L1_global_structural,none,0,0,0,,,
north_america,North America,digital,L2_macro_regional_structural,none,0,0,0,,,
north_america,North America,digital,L3_strategic_connector,none,0,0,0,,,
north_america,North America,border_coordination,L1_global_structural,none,0,0,0,,,
north_america,North America,border_coordination,L2_macro_regional_structural,none,0,0,0,,,
north_america,North America,border_coordination,L3_strategic_connector,none,0,0,0,,,
north_america,North America,strategic_storage,L1_global_structural,none,0,0,0,,,
north_america,North America,strategic_storage,L2_macro_regional_structural,none,0,0,0,,,
north_america,North America,strategic_storage,L3_strategic_connector,none,0,0,0,,,
central_america_caribbean,Central America and Caribbean,maritime,L1_global_structural,none,0,0,0,,,
central_america_caribbean,Central America and Caribbean,maritime,L2_macro_regional_structural,none,0,0,0,,,
central_america_caribbean,Central America and Caribbean,maritime,L3_strategic_connector,none,0,0,0,,,
central_america_caribbean,Central America and Caribbean,rail,L1_global_structural,none,0,0,0,,,
central_america_caribbean,Central America and Caribbean,rail,L2_macro_regional_structural,none,0,0,0,,,
central_america_caribbean,Central America and Caribbean,rail,L3_strategic_connector,none,0,0,0,,,
central_america_caribbean,Central America and Caribbean,road,L1_global_structural,none,0,0,0,,,
central_america_caribbean,Central America and Caribbean,road,L2_macro_regional_structural,none,0,0,0,,,
central_america_caribbean,Central America and Caribbean,road,L3_strategic_connector,none,0,0,0,,,
central_america_caribbean,Central America and Caribbean,inland_waterway,L1_global_structural,none,0,0,0,,,
central_america_caribbean,Central America and Caribbean,inland_waterway,L2_macro_regional_structural,none,0,0,0,,,
central_america_caribbean,Central America and Caribbean,inland_waterway,L3_strategic_connector,none,0,0,0,,,
central_america_caribbean,Central America and Caribbean,intermodal_logistics,L1_global_structural,none,0,0,0,,,
central_america_caribbean,Central America and Caribbean,intermodal_logistics,L2_macro_regional_structural,none,0,0,0,,,
central_america_caribbean,Central America and Caribbean,intermodal_logistics,L3_strategic_connector,none,0,0,0,,,
central_america_caribbean,Central America and Caribbean,air_cargo,L1_global_structural,none,0,0,0,,,
central_america_caribbean,Central America and Caribbean,air_cargo,L2_macro_regional_structural,none,0,0,0,,,
central_america_caribbean,Central America and Caribbean,air_cargo,L3_strategic_connector,none,0,0,0,,,
central_america_caribbean,Central America and Caribbean,energy,L1_global_structural,none,0,0,0,,,
central_america_caribbean,Central America and Caribbean,energy,L2_macro_regional_structural,none,0,0,0,,,
central_america_caribbean,Central America and Caribbean,energy,L3_strategic_connector,none,0,0,0,,,
central_america_caribbean,Central America and Caribbean,digital,L1_global_structural,none,0,0,0,,,
central_america_caribbean,Central America and Caribbean,digital,L2_macro_regional_structural,none,0,0,0,,,
central_america_caribbean,Central America and Caribbean,digital,L3_strategic_connector,none,0,0,0,,,
central_america_caribbean,Central America and Caribbean,border_coordination,L1_global_structural,none,0,0,0,,,
central_america_caribbean,Central America and Caribbean,border_coordination,L2_macro_regional_structural,none,0,0,0,,,
central_america_caribbean,Central America and Caribbean,border_coordination,L3_strategic_connector,none,0,0,0,,,
central_america_caribbean,Central America and Caribbean,strategic_storage,L1_global_structural,none,0,0,0,,,
central_america_caribbean,Central America and Caribbean,strategic_storage,L2_macro_regional_structural,none,0,0,0,,,
central_america_caribbean,Central America and Caribbean,strategic_storage,L3_strategic_connector,none,0,0,0,,,
south_america,South America,maritime,L1_global_structural,none,0,0,0,,,
south_america,South America,maritime,L2_macro_regional_structural,none,0,0,0,,,
south_america,South America,maritime,L3_strategic_connector,none,0,0,0,,,
south_america,South America,rail,L1_global_structural,none,0,0,0,,,
south_america,South America,rail,L2_macro_regional_structural,none,0,0,0,,,
south_america,South America,rail,L3_strategic_connector,none,0,0,0,,,
south_america,South America,road,L1_global_structural,none,0,0,0,,,
south_america,South America,road,L2_macro_regional_structural,none,0,0,0,,,
south_america,South America,road,L3_strategic_connector,none,0,0,0,,,
south_america,South America,inland_waterway,L1_global_structural,none,0,0,0,,,
south_america,South America,inland_waterway,L2_macro_regional_structural,none,0,0,0,,,
south_america,South America,inland_waterway,L3_strategic_connector,none,0,0,0,,,
south_america,South America,intermodal_logistics,L1_global_structural,none,0,0,0,,,
south_america,South America,intermodal_logistics,L2_macro_regional_structural,none,0,0,0,,,
south_america,South America,intermodal_logistics,L3_strategic_connector,none,0,0,0,,,
south_america,South America,air_cargo,L1_global_structural,none,0,0,0,,,
south_america,South America,air_cargo,L2_macro_regional_structural,none,0,0,0,,,
south_america,South America,air_cargo,L3_strategic_connector,none,0,0,0,,,
south_america,South America,energy,L1_global_structural,none,0,0,0,,,
south_america,South America,energy,L2_macro_regional_structural,none,0,0,0,,,
south_america,South America,energy,L3_strategic_connector,none,0,0,0,,,
south_america,South America,digital,L1_global_structural,none,0,0,0,,,
south_america,South America,digital,L2_macro_regional_structural,none,0,0,0,,,
south_america,South America,digital,L3_strategic_connector,none,0,0,0,,,
south_america,South America,border_coordination,L1_global_structural,none,0,0,0,,,
south_america,South America,border_coordination,L2_macro_regional_structural,none,0,0,0,,,
south_america,South America,border_coordination,L3_strategic_connector,none,0,0,0,,,
south_america,South America,strategic_storage,L1_global_structural,none,0,0,0,,,
south_america,South America,strategic_storage,L2_macro_regional_structural,none,0,0,0,,,
south_america,South America,strategic_storage,L3_strategic_connector,none,0,0,0,,,
northern_europe_atlantic,Northern Europe and Atlantic,maritime,L1_global_structural,none,0,0,0,,,
northern_europe_atlantic,Northern Europe and Atlantic,maritime,L2_macro_regional_structural,none,0,0,0,,,
northern_europe_atlantic,Northern Europe and Atlantic,maritime,L3_strategic_connector,none,0,0,0,,,
northern_europe_atlantic,Northern Europe and Atlantic,rail,L1_global_structural,none,0,0,0,,,
northern_europe_atlantic,Northern Europe and Atlantic,rail,L2_macro_regional_structural,none,0,0,0,,,
northern_europe_atlantic,Northern Europe and Atlantic,rail,L3_strategic_connector,none,0,0,0,,,
northern_europe_atlantic,Northern Europe and Atlantic,road,L1_global_structural,none,0,0,0,,,
northern_europe_atlantic,Northern Europe and Atlantic,road,L2_macro_regional_structural,none,0,0,0,,,
northern_europe_atlantic,Northern Europe and Atlantic,road,L3_strategic_connector,none,0,0,0,,,
northern_europe_atlantic,Northern Europe and Atlantic,inland_waterway,L1_global_structural,none,0,0,0,,,
northern_europe_atlantic,Northern Europe and Atlantic,inland_waterway,L2_macro_regional_structural,none,0,0,0,,,
northern_europe_atlantic,Northern Europe and Atlantic,inland_waterway,L3_strategic_connector,none,0,0,0,,,
northern_europe_atlantic,Northern Europe and Atlantic,intermodal_logistics,L1_global_structural,none,0,0,0,,,
northern_europe_atlantic,Northern Europe and Atlantic,intermodal_logistics,L2_macro_regional_structural,none,0,0,0,,,
northern_europe_atlantic,Northern Europe and Atlantic,intermodal_logistics,L3_strategic_connector,none,0,0,0,,,
northern_europe_atlantic,Northern Europe and Atlantic,air_cargo,L1_global_structural,none,0,0,0,,,
northern_europe_atlantic,Northern Europe and Atlantic,air_cargo,L2_macro_regional_structural,none,0,0,0,,,
northern_europe_atlantic,Northern Europe and Atlantic,air_cargo,L3_strategic_connector,none,0,0,0,,,
northern_europe_atlantic,Northern Europe and Atlantic,energy,L1_global_structural,none,0,0,0,,,
northern_europe_atlantic,Northern Europe and Atlantic,energy,L2_macro_regional_structural,none,0,0,0,,,
northern_europe_atlantic,Northern Europe and Atlantic,energy,L3_strategic_connector,none,0,0,0,,,
northern_europe_atlantic,Northern Europe and Atlantic,digital,L1_global_structural,none,0,0,0,,,
northern_europe_atlantic,Northern Europe and Atlantic,digital,L2_macro_regional_structural,none,0,0,0,,,
northern_europe_atlantic,Northern Europe and Atlantic,digital,L3_strategic_connector,none,0,0,0,,,
northern_europe_atlantic,Northern Europe and Atlantic,border_coordination,L1_global_structural,none,0,0,0,,,
northern_europe_atlantic,Northern Europe and Atlantic,border_coordination,L2_macro_regional_structural,none,0,0,0,,,
northern_europe_atlantic,Northern Europe and Atlantic,border_coordination,L3_strategic_connector,none,0,0,0,,,
northern_europe_atlantic,Northern Europe and Atlantic,strategic_storage,L1_global_structural,none,0,0,0,,,
northern_europe_atlantic,Northern Europe and Atlantic,strategic_storage,L2_macro_regional_structural,none,0,0,0,,,
northern_europe_atlantic,Northern Europe and Atlantic,strategic_storage,L3_strategic_connector,none,0,0,0,,,
continental_mediterranean_europe,Continental and Mediterranean Europe,maritime,L1_global_structural,none,0,0,0,,,
continental_mediterranean_europe,Continental and Mediterranean Europe,maritime,L2_macro_regional_structural,none,0,0,0,,,
continental_mediterranean_europe,Continental and Mediterranean Europe,maritime,L3_strategic_connector,none,0,0,0,,,
continental_mediterranean_europe,Continental and Mediterranean Europe,rail,L1_global_structural,none,0,0,0,,,
continental_mediterranean_europe,Continental and Mediterranean Europe,rail,L2_macro_regional_structural,none,0,0,0,,,
continental_mediterranean_europe,Continental and Mediterranean Europe,rail,L3_strategic_connector,none,0,0,0,,,
continental_mediterranean_europe,Continental and Mediterranean Europe,road,L1_global_structural,none,0,0,0,,,
continental_mediterranean_europe,Continental and Mediterranean Europe,road,L2_macro_regional_structural,none,0,0,0,,,
continental_mediterranean_europe,Continental and Mediterranean Europe,road,L3_strategic_connector,none,0,0,0,,,
continental_mediterranean_europe,Continental and Mediterranean Europe,inland_waterway,L1_global_structural,none,0,0,0,,,
continental_mediterranean_europe,Continental and Mediterranean Europe,inland_waterway,L2_macro_regional_structural,none,0,0,0,,,
continental_mediterranean_europe,Continental and Mediterranean Europe,inland_waterway,L3_strategic_connector,none,0,0,0,,,
continental_mediterranean_europe,Continental and Mediterranean Europe,intermodal_logistics,L1_global_structural,none,0,0,0,,,
continental_mediterranean_europe,Continental and Mediterranean Europe,intermodal_logistics,L2_macro_regional_structural,none,0,0,0,,,
continental_mediterranean_europe,Continental and Mediterranean Europe,intermodal_logistics,L3_strategic_connector,none,0,0,0,,,
continental_mediterranean_europe,Continental and Mediterranean Europe,air_cargo,L1_global_structural,none,0,0,0,,,
continental_mediterranean_europe,Continental and Mediterranean Europe,air_cargo,L2_macro_regional_structural,none,0,0,0,,,
continental_mediterranean_europe,Continental and Mediterranean Europe,air_cargo,L3_strategic_connector,none,0,0,0,,,
continental_mediterranean_europe,Continental and Mediterranean Europe,energy,L1_global_structural,none,0,0,0,,,
continental_mediterranean_europe,Continental and Mediterranean Europe,energy,L2_macro_regional_structural,none,0,0,0,,,
continental_mediterranean_europe,Continental and Mediterranean Europe,energy,L3_strategic_connector,none,0,0,0,,,
continental_mediterranean_europe,Continental and Mediterranean Europe,digital,L1_global_structural,none,0,0,0,,,
continental_mediterranean_europe,Continental and Mediterranean Europe,digital,L2_macro_regional_structural,none,0,0,0,,,
continental_mediterranean_europe,Continental and Mediterranean Europe,digital,L3_strategic_connector,none,0,0,0,,,
continental_mediterranean_europe,Continental and Mediterranean Europe,border_coordination,L1_global_structural,none,0,0,0,,,
continental_mediterranean_europe,Continental and Mediterranean Europe,border_coordination,L2_macro_regional_structural,none,0,0,0,,,
continental_mediterranean_europe,Continental and Mediterranean Europe,border_coordination,L3_strategic_connector,none,0,0,0,,,
continental_mediterranean_europe,Continental and Mediterranean Europe,strategic_storage,L1_global_structural,none,0,0,0,,,
continental_mediterranean_europe,Continental and Mediterranean Europe,strategic_storage,L2_macro_regional_structural,none,0,0,0,,,
continental_mediterranean_europe,Continental and Mediterranean Europe,strategic_storage,L3_strategic_connector,none,0,0,0,,,
russia_northern_eurasia,Russia and Northern Eurasia,maritime,L1_global_structural,none,0,0,0,,,
russia_northern_eurasia,Russia and Northern Eurasia,maritime,L2_macro_regional_structural,none,0,0,0,,,
russia_northern_eurasia,Russia and Northern Eurasia,maritime,L3_strategic_connector,none,0,0,0,,,
russia_northern_eurasia,Russia and Northern Eurasia,rail,L1_global_structural,none,0,0,0,,,
russia_northern_eurasia,Russia and Northern Eurasia,rail,L2_macro_regional_structural,none,0,0,0,,,
russia_northern_eurasia,Russia and Northern Eurasia,rail,L3_strategic_connector,none,0,0,0,,,
russia_northern_eurasia,Russia and Northern Eurasia,road,L1_global_structural,none,0,0,0,,,
russia_northern_eurasia,Russia and Northern Eurasia,road,L2_macro_regional_structural,none,0,0,0,,,
russia_northern_eurasia,Russia and Northern Eurasia,road,L3_strategic_connector,none,0,0,0,,,
russia_northern_eurasia,Russia and Northern Eurasia,inland_waterway,L1_global_structural,none,0,0,0,,,
russia_northern_eurasia,Russia and Northern Eurasia,inland_waterway,L2_macro_regional_structural,none,0,0,0,,,
russia_northern_eurasia,Russia and Northern Eurasia,inland_waterway,L3_strategic_connector,none,0,0,0,,,
russia_northern_eurasia,Russia and Northern Eurasia,intermodal_logistics,L1_global_structural,none,0,0,0,,,
russia_northern_eurasia,Russia and Northern Eurasia,intermodal_logistics,L2_macro_regional_structural,none,0,0,0,,,
russia_northern_eurasia,Russia and Northern Eurasia,intermodal_logistics,L3_strategic_connector,none,0,0,0,,,
russia_northern_eurasia,Russia and Northern Eurasia,air_cargo,L1_global_structural,none,0,0,0,,,
russia_northern_eurasia,Russia and Northern Eurasia,air_cargo,L2_macro_regional_structural,none,0,0,0,,,
russia_northern_eurasia,Russia and Northern Eurasia,air_cargo,L3_strategic_connector,none,0,0,0,,,
russia_northern_eurasia,Russia and Northern Eurasia,energy,L1_global_structural,none,0,0,0,,,
russia_northern_eurasia,Russia and Northern Eurasia,energy,L2_macro_regional_structural,none,0,0,0,,,
russia_northern_eurasia,Russia and Northern Eurasia,energy,L3_strategic_connector,none,0,0,0,,,
russia_northern_eurasia,Russia and Northern Eurasia,digital,L1_global_structural,none,0,0,0,,,
russia_northern_eurasia,Russia and Northern Eurasia,digital,L2_macro_regional_structural,none,0,0,0,,,
russia_northern_eurasia,Russia and Northern Eurasia,digital,L3_strategic_connector,none,0,0,0,,,
russia_northern_eurasia,Russia and Northern Eurasia,border_coordination,L1_global_structural,none,0,0,0,,,
russia_northern_eurasia,Russia and Northern Eurasia,border_coordination,L2_macro_regional_structural,none,0,0,0,,,
russia_northern_eurasia,Russia and Northern Eurasia,border_coordination,L3_strategic_connector,none,0,0,0,,,
russia_northern_eurasia,Russia and Northern Eurasia,strategic_storage,L1_global_structural,none,0,0,0,,,
russia_northern_eurasia,Russia and Northern Eurasia,strategic_storage,L2_macro_regional_structural,none,0,0,0,,,
russia_northern_eurasia,Russia and Northern Eurasia,strategic_storage,L3_strategic_connector,none,0,0,0,,,
caucasus_central_asia,Caucasus and Central Asia,maritime,L1_global_structural,none,0,0,0,,,
caucasus_central_asia,Caucasus and Central Asia,maritime,L2_macro_regional_structural,none,0,0,0,,,
caucasus_central_asia,Caucasus and Central Asia,maritime,L3_strategic_connector,none,0,0,0,,,
caucasus_central_asia,Caucasus and Central Asia,rail,L1_global_structural,none,0,0,0,,,
caucasus_central_asia,Caucasus and Central Asia,rail,L2_macro_regional_structural,none,0,0,0,,,
caucasus_central_asia,Caucasus and Central Asia,rail,L3_strategic_connector,none,0,0,0,,,
caucasus_central_asia,Caucasus and Central Asia,road,L1_global_structural,none,0,0,0,,,
caucasus_central_asia,Caucasus and Central Asia,road,L2_macro_regional_structural,none,0,0,0,,,
caucasus_central_asia,Caucasus and Central Asia,road,L3_strategic_connector,none,0,0,0,,,
caucasus_central_asia,Caucasus and Central Asia,inland_waterway,L1_global_structural,none,0,0,0,,,
caucasus_central_asia,Caucasus and Central Asia,inland_waterway,L2_macro_regional_structural,none,0,0,0,,,
caucasus_central_asia,Caucasus and Central Asia,inland_waterway,L3_strategic_connector,none,0,0,0,,,
caucasus_central_asia,Caucasus and Central Asia,intermodal_logistics,L1_global_structural,none,0,0,0,,,
caucasus_central_asia,Caucasus and Central Asia,intermodal_logistics,L2_macro_regional_structural,none,0,0,0,,,
caucasus_central_asia,Caucasus and Central Asia,intermodal_logistics,L3_strategic_connector,none,0,0,0,,,
caucasus_central_asia,Caucasus and Central Asia,air_cargo,L1_global_structural,none,0,0,0,,,
caucasus_central_asia,Caucasus and Central Asia,air_cargo,L2_macro_regional_structural,none,0,0,0,,,
caucasus_central_asia,Caucasus and Central Asia,air_cargo,L3_strategic_connector,none,0,0,0,,,
caucasus_central_asia,Caucasus and Central Asia,energy,L1_global_structural,none,0,0,0,,,
caucasus_central_asia,Caucasus and Central Asia,energy,L2_macro_regional_structural,none,0,0,0,,,
caucasus_central_asia,Caucasus and Central Asia,energy,L3_strategic_connector,none,0,0,0,,,
caucasus_central_asia,Caucasus and Central Asia,digital,L1_global_structural,none,0,0,0,,,
caucasus_central_asia,Caucasus and Central Asia,digital,L2_macro_regional_structural,none,0,0,0,,,
caucasus_central_asia,Caucasus and Central Asia,digital,L3_strategic_connector,none,0,0,0,,,
caucasus_central_asia,Caucasus and Central Asia,border_coordination,L1_global_structural,none,0,0,0,,,
caucasus_central_asia,Caucasus and Central Asia,border_coordination,L2_macro_regional_structural,none,0,0,0,,,
caucasus_central_asia,Caucasus and Central Asia,border_coordination,L3_strategic_connector,none,0,0,0,,,
caucasus_central_asia,Caucasus and Central Asia,strategic_storage,L1_global_structural,none,0,0,0,,,
caucasus_central_asia,Caucasus and Central Asia,strategic_storage,L2_macro_regional_structural,none,0,0,0,,,
caucasus_central_asia,Caucasus and Central Asia,strategic_storage,L3_strategic_connector,none,0,0,0,,,
north_africa,North Africa,maritime,L1_global_structural,none,0,0,0,,,
north_africa,North Africa,maritime,L2_macro_regional_structural,none,0,0,0,,,
north_africa,North Africa,maritime,L3_strategic_connector,none,0,0,0,,,
north_africa,North Africa,rail,L1_global_structural,none,0,0,0,,,
north_africa,North Africa,rail,L2_macro_regional_structural,none,0,0,0,,,
north_africa,North Africa,rail,L3_strategic_connector,none,0,0,0,,,
north_africa,North Africa,road,L1_global_structural,none,0,0,0,,,
north_africa,North Africa,road,L2_macro_regional_structural,none,0,0,0,,,
north_africa,North Africa,road,L3_strategic_connector,none,0,0,0,,,
north_africa,North Africa,inland_waterway,L1_global_structural,none,0,0,0,,,
north_africa,North Africa,inland_waterway,L2_macro_regional_structural,none,0,0,0,,,
north_africa,North Africa,inland_waterway,L3_strategic_connector,none,0,0,0,,,
north_africa,North Africa,intermodal_logistics,L1_global_structural,none,0,0,0,,,
north_africa,North Africa,intermodal_logistics,L2_macro_regional_structural,none,0,0,0,,,
north_africa,North Africa,intermodal_logistics,L3_strategic_connector,none,0,0,0,,,
north_africa,North Africa,air_cargo,L1_global_structural,none,0,0,0,,,
north_africa,North Africa,air_cargo,L2_macro_regional_structural,none,0,0,0,,,
north_africa,North Africa,air_cargo,L3_strategic_connector,none,0,0,0,,,
north_africa,North Africa,energy,L1_global_structural,none,0,0,0,,,
north_africa,North Africa,energy,L2_macro_regional_structural,none,0,0,0,,,
north_africa,North Africa,energy,L3_strategic_connector,none,0,0,0,,,
north_africa,North Africa,digital,L1_global_structural,none,0,0,0,,,
north_africa,North Africa,digital,L2_macro_regional_structural,none,0,0,0,,,
north_africa,North Africa,digital,L3_strategic_connector,none,0,0,0,,,
north_africa,North Africa,border_coordination,L1_global_structural,none,0,0,0,,,
north_africa,North Africa,border_coordination,L2_macro_regional_structural,none,0,0,0,,,
north_africa,North Africa,border_coordination,L3_strategic_connector,none,0,0,0,,,
north_africa,North Africa,strategic_storage,L1_global_structural,none,0,0,0,,,
north_africa,North Africa,strategic_storage,L2_macro_regional_structural,none,0,0,0,,,
north_africa,North Africa,strategic_storage,L3_strategic_connector,none,0,0,0,,,
west_africa,West Africa,maritime,L1_global_structural,none,0,0,0,,,
west_africa,West Africa,maritime,L2_macro_regional_structural,none,0,0,0,,,
west_africa,West Africa,maritime,L3_strategic_connector,none,0,0,0,,,
west_africa,West Africa,rail,L1_global_structural,none,0,0,0,,,
west_africa,West Africa,rail,L2_macro_regional_structural,none,0,0,0,,,
west_africa,West Africa,rail,L3_strategic_connector,none,0,0,0,,,
west_africa,West Africa,road,L1_global_structural,none,0,0,0,,,
west_africa,West Africa,road,L2_macro_regional_structural,none,0,0,0,,,
west_africa,West Africa,road,L3_strategic_connector,none,0,0,0,,,
west_africa,West Africa,inland_waterway,L1_global_structural,none,0,0,0,,,
west_africa,West Africa,inland_waterway,L2_macro_regional_structural,none,0,0,0,,,
west_africa,West Africa,inland_waterway,L3_strategic_connector,none,0,0,0,,,
west_africa,West Africa,intermodal_logistics,L1_global_structural,none,0,0,0,,,
west_africa,West Africa,intermodal_logistics,L2_macro_regional_structural,none,0,0,0,,,
west_africa,West Africa,intermodal_logistics,L3_strategic_connector,none,0,0,0,,,
west_africa,West Africa,air_cargo,L1_global_structural,none,0,0,0,,,
west_africa,West Africa,air_cargo,L2_macro_regional_structural,none,0,0,0,,,
west_africa,West Africa,air_cargo,L3_strategic_connector,none,0,0,0,,,
west_africa,West Africa,energy,L1_global_structural,none,0,0,0,,,
west_africa,West Africa,energy,L2_macro_regional_structural,none,0,0,0,,,
west_africa,West Africa,energy,L3_strategic_connector,none,0,0,0,,,
west_africa,West Africa,digital,L1_global_structural,none,0,0,0,,,
west_africa,West Africa,digital,L2_macro_regional_structural,none,0,0,0,,,
west_africa,West Africa,digital,L3_strategic_connector,none,0,0,0,,,
west_africa,West Africa,border_coordination,L1_global_structural,none,0,0,0,,,
west_africa,West Africa,border_coordination,L2_macro_regional_structural,none,0,0,0,,,
west_africa,West Africa,border_coordination,L3_strategic_connector,none,0,0,0,,,
west_africa,West Africa,strategic_storage,L1_global_structural,none,0,0,0,,,
west_africa,West Africa,strategic_storage,L2_macro_regional_structural,none,0,0,0,,,
west_africa,West Africa,strategic_storage,L3_strategic_connector,none,0,0,0,,,
central_africa,Central Africa,maritime,L1_global_structural,none,0,0,0,,,
central_africa,Central Africa,maritime,L2_macro_regional_structural,none,0,0,0,,,
central_africa,Central Africa,maritime,L3_strategic_connector,none,0,0,0,,,
central_africa,Central Africa,rail,L1_global_structural,none,0,0,0,,,
central_africa,Central Africa,rail,L2_macro_regional_structural,none,0,0,0,,,
central_africa,Central Africa,rail,L3_strategic_connector,none,0,0,0,,,
central_africa,Central Africa,road,L1_global_structural,none,0,0,0,,,
central_africa,Central Africa,road,L2_macro_regional_structural,none,0,0,0,,,
central_africa,Central Africa,road,L3_strategic_connector,none,0,0,0,,,
central_africa,Central Africa,inland_waterway,L1_global_structural,none,0,0,0,,,
central_africa,Central Africa,inland_waterway,L2_macro_regional_structural,none,0,0,0,,,
central_africa,Central Africa,inland_waterway,L3_strategic_connector,none,0,0,0,,,
central_africa,Central Africa,intermodal_logistics,L1_global_structural,none,0,0,0,,,
central_africa,Central Africa,intermodal_logistics,L2_macro_regional_structural,none,0,0,0,,,
central_africa,Central Africa,intermodal_logistics,L3_strategic_connector,none,0,0,0,,,
central_africa,Central Africa,air_cargo,L1_global_structural,none,0,0,0,,,
central_africa,Central Africa,air_cargo,L2_macro_regional_structural,none,0,0,0,,,
central_africa,Central Africa,air_cargo,L3_strategic_connector,none,0,0,0,,,
central_africa,Central Africa,energy,L1_global_structural,none,0,0,0,,,
central_africa,Central Africa,energy,L2_macro_regional_structural,none,0,0,0,,,
central_africa,Central Africa,energy,L3_strategic_connector,none,0,0,0,,,
central_africa,Central Africa,digital,L1_global_structural,none,0,0,0,,,
central_africa,Central Africa,digital,L2_macro_regional_structural,none,0,0,0,,,
central_africa,Central Africa,digital,L3_strategic_connector,none,0,0,0,,,
central_africa,Central Africa,border_coordination,L1_global_structural,none,0,0,0,,,
central_africa,Central Africa,border_coordination,L2_macro_regional_structural,none,0,0,0,,,
central_africa,Central Africa,border_coordination,L3_strategic_connector,none,0,0,0,,,
central_africa,Central Africa,strategic_storage,L1_global_structural,none,0,0,0,,,
central_africa,Central Africa,strategic_storage,L2_macro_regional_structural,none,0,0,0,,,
central_africa,Central Africa,strategic_storage,L3_strategic_connector,none,0,0,0,,,
east_africa_horn,East Africa and Horn of Africa,maritime,L1_global_structural,none,0,0,0,,,
east_africa_horn,East Africa and Horn of Africa,maritime,L2_macro_regional_structural,none,0,0,0,,,
east_africa_horn,East Africa and Horn of Africa,maritime,L3_strategic_connector,none,0,0,0,,,
east_africa_horn,East Africa and Horn of Africa,rail,L1_global_structural,none,0,0,0,,,
east_africa_horn,East Africa and Horn of Africa,rail,L2_macro_regional_structural,none,0,0,0,,,
east_africa_horn,East Africa and Horn of Africa,rail,L3_strategic_connector,none,0,0,0,,,
east_africa_horn,East Africa and Horn of Africa,road,L1_global_structural,none,0,0,0,,,
east_africa_horn,East Africa and Horn of Africa,road,L2_macro_regional_structural,none,0,0,0,,,
east_africa_horn,East Africa and Horn of Africa,road,L3_strategic_connector,none,0,0,0,,,
east_africa_horn,East Africa and Horn of Africa,inland_waterway,L1_global_structural,none,0,0,0,,,
east_africa_horn,East Africa and Horn of Africa,inland_waterway,L2_macro_regional_structural,none,0,0,0,,,
east_africa_horn,East Africa and Horn of Africa,inland_waterway,L3_strategic_connector,none,0,0,0,,,
east_africa_horn,East Africa and Horn of Africa,intermodal_logistics,L1_global_structural,none,0,0,0,,,
east_africa_horn,East Africa and Horn of Africa,intermodal_logistics,L2_macro_regional_structural,none,0,0,0,,,
east_africa_horn,East Africa and Horn of Africa,intermodal_logistics,L3_strategic_connector,none,0,0,0,,,
east_africa_horn,East Africa and Horn of Africa,air_cargo,L1_global_structural,none,0,0,0,,,
east_africa_horn,East Africa and Horn of Africa,air_cargo,L2_macro_regional_structural,none,0,0,0,,,
east_africa_horn,East Africa and Horn of Africa,air_cargo,L3_strategic_connector,none,0,0,0,,,
east_africa_horn,East Africa and Horn of Africa,energy,L1_global_structural,none,0,0,0,,,
east_africa_horn,East Africa and Horn of Africa,energy,L2_macro_regional_structural,none,0,0,0,,,
east_africa_horn,East Africa and Horn of Africa,energy,L3_strategic_connector,none,0,0,0,,,
east_africa_horn,East Africa and Horn of Africa,digital,L1_global_structural,none,0,0,0,,,
east_africa_horn,East Africa and Horn of Africa,digital,L2_macro_regional_structural,none,0,0,0,,,
east_africa_horn,East Africa and Horn of Africa,digital,L3_strategic_connector,none,0,0,0,,,
east_africa_horn,East Africa and Horn of Africa,border_coordination,L1_global_structural,none,0,0,0,,,
east_africa_horn,East Africa and Horn of Africa,border_coordination,L2_macro_regional_structural,none,0,0,0,,,
east_africa_horn,East Africa and Horn of Africa,border_coordination,L3_strategic_connector,none,0,0,0,,,
east_africa_horn,East Africa and Horn of Africa,strategic_storage,L1_global_structural,none,0,0,0,,,
east_africa_horn,East Africa and Horn of Africa,strategic_storage,L2_macro_regional_structural,none,0,0,0,,,
east_africa_horn,East Africa and Horn of Africa,strategic_storage,L3_strategic_connector,none,0,0,0,,,
southern_africa,Southern Africa,maritime,L1_global_structural,none,0,0,0,,,
southern_africa,Southern Africa,maritime,L2_macro_regional_structural,none,0,0,0,,,
southern_africa,Southern Africa,maritime,L3_strategic_connector,none,0,0,0,,,
southern_africa,Southern Africa,rail,L1_global_structural,none,0,0,0,,,
southern_africa,Southern Africa,rail,L2_macro_regional_structural,none,0,0,0,,,
southern_africa,Southern Africa,rail,L3_strategic_connector,none,0,0,0,,,
southern_africa,Southern Africa,road,L1_global_structural,none,0,0,0,,,
southern_africa,Southern Africa,road,L2_macro_regional_structural,none,0,0,0,,,
southern_africa,Southern Africa,road,L3_strategic_connector,none,0,0,0,,,
southern_africa,Southern Africa,inland_waterway,L1_global_structural,none,0,0,0,,,
southern_africa,Southern Africa,inland_waterway,L2_macro_regional_structural,none,0,0,0,,,
southern_africa,Southern Africa,inland_waterway,L3_strategic_connector,none,0,0,0,,,
southern_africa,Southern Africa,intermodal_logistics,L1_global_structural,none,0,0,0,,,
southern_africa,Southern Africa,intermodal_logistics,L2_macro_regional_structural,none,0,0,0,,,
southern_africa,Southern Africa,intermodal_logistics,L3_strategic_connector,none,0,0,0,,,
southern_africa,Southern Africa,air_cargo,L1_global_structural,none,0,0,0,,,
southern_africa,Southern Africa,air_cargo,L2_macro_regional_structural,none,0,0,0,,,
southern_africa,Southern Africa,air_cargo,L3_strategic_connector,none,0,0,0,,,
southern_africa,Southern Africa,energy,L1_global_structural,none,0,0,0,,,
southern_africa,Southern Africa,energy,L2_macro_regional_structural,none,0,0,0,,,
southern_africa,Southern Africa,energy,L3_strategic_connector,none,0,0,0,,,
southern_africa,Southern Africa,digital,L1_global_structural,none,0,0,0,,,
southern_africa,Southern Africa,digital,L2_macro_regional_structural,none,0,0,0,,,
southern_africa,Southern Africa,digital,L3_strategic_connector,none,0,0,0,,,
southern_africa,Southern Africa,border_coordination,L1_global_structural,none,0,0,0,,,
southern_africa,Southern Africa,border_coordination,L2_macro_regional_structural,none,0,0,0,,,
southern_africa,Southern Africa,border_coordination,L3_strategic_connector,none,0,0,0,,,
southern_africa,Southern Africa,strategic_storage,L1_global_structural,none,0,0,0,,,
southern_africa,Southern Africa,strategic_storage,L2_macro_regional_structural,none,0,0,0,,,
southern_africa,Southern Africa,strategic_storage,L3_strategic_connector,none,0,0,0,,,
gulf_arabian_peninsula,Gulf and Arabian Peninsula,maritime,L1_global_structural,none,0,0,0,,,
gulf_arabian_peninsula,Gulf and Arabian Peninsula,maritime,L2_macro_regional_structural,none,0,0,0,,,
gulf_arabian_peninsula,Gulf and Arabian Peninsula,maritime,L3_strategic_connector,none,0,0,0,,,
gulf_arabian_peninsula,Gulf and Arabian Peninsula,rail,L1_global_structural,none,0,0,0,,,
gulf_arabian_peninsula,Gulf and Arabian Peninsula,rail,L2_macro_regional_structural,none,0,0,0,,,
gulf_arabian_peninsula,Gulf and Arabian Peninsula,rail,L3_strategic_connector,none,0,0,0,,,
gulf_arabian_peninsula,Gulf and Arabian Peninsula,road,L1_global_structural,none,0,0,0,,,
gulf_arabian_peninsula,Gulf and Arabian Peninsula,road,L2_macro_regional_structural,none,0,0,0,,,
gulf_arabian_peninsula,Gulf and Arabian Peninsula,road,L3_strategic_connector,none,0,0,0,,,
gulf_arabian_peninsula,Gulf and Arabian Peninsula,inland_waterway,L1_global_structural,none,0,0,0,,,
gulf_arabian_peninsula,Gulf and Arabian Peninsula,inland_waterway,L2_macro_regional_structural,none,0,0,0,,,
gulf_arabian_peninsula,Gulf and Arabian Peninsula,inland_waterway,L3_strategic_connector,none,0,0,0,,,
gulf_arabian_peninsula,Gulf and Arabian Peninsula,intermodal_logistics,L1_global_structural,none,0,0,0,,,
gulf_arabian_peninsula,Gulf and Arabian Peninsula,intermodal_logistics,L2_macro_regional_structural,none,0,0,0,,,
gulf_arabian_peninsula,Gulf and Arabian Peninsula,intermodal_logistics,L3_strategic_connector,none,0,0,0,,,
gulf_arabian_peninsula,Gulf and Arabian Peninsula,air_cargo,L1_global_structural,none,0,0,0,,,
gulf_arabian_peninsula,Gulf and Arabian Peninsula,air_cargo,L2_macro_regional_structural,none,0,0,0,,,
gulf_arabian_peninsula,Gulf and Arabian Peninsula,air_cargo,L3_strategic_connector,none,0,0,0,,,
gulf_arabian_peninsula,Gulf and Arabian Peninsula,energy,L1_global_structural,none,0,0,0,,,
gulf_arabian_peninsula,Gulf and Arabian Peninsula,energy,L2_macro_regional_structural,none,0,0,0,,,
gulf_arabian_peninsula,Gulf and Arabian Peninsula,energy,L3_strategic_connector,none,0,0,0,,,
gulf_arabian_peninsula,Gulf and Arabian Peninsula,digital,L1_global_structural,none,0,0,0,,,
gulf_arabian_peninsula,Gulf and Arabian Peninsula,digital,L2_macro_regional_structural,none,0,0,0,,,
gulf_arabian_peninsula,Gulf and Arabian Peninsula,digital,L3_strategic_connector,none,0,0,0,,,
gulf_arabian_peninsula,Gulf and Arabian Peninsula,border_coordination,L1_global_structural,none,0,0,0,,,
gulf_arabian_peninsula,Gulf and Arabian Peninsula,border_coordination,L2_macro_regional_structural,none,0,0,0,,,
gulf_arabian_peninsula,Gulf and Arabian Peninsula,border_coordination,L3_strategic_connector,none,0,0,0,,,
gulf_arabian_peninsula,Gulf and Arabian Peninsula,strategic_storage,L1_global_structural,none,0,0,0,,,
gulf_arabian_peninsula,Gulf and Arabian Peninsula,strategic_storage,L2_macro_regional_structural,none,0,0,0,,,
gulf_arabian_peninsula,Gulf and Arabian Peninsula,strategic_storage,L3_strategic_connector,none,0,0,0,,,
levant_anatolia,Levant and Anatolia,maritime,L1_global_structural,none,0,0,0,,,
levant_anatolia,Levant and Anatolia,maritime,L2_macro_regional_structural,none,0,0,0,,,
levant_anatolia,Levant and Anatolia,maritime,L3_strategic_connector,none,0,0,0,,,
levant_anatolia,Levant and Anatolia,rail,L1_global_structural,none,0,0,0,,,
levant_anatolia,Levant and Anatolia,rail,L2_macro_regional_structural,none,0,0,0,,,
levant_anatolia,Levant and Anatolia,rail,L3_strategic_connector,none,0,0,0,,,
levant_anatolia,Levant and Anatolia,road,L1_global_structural,none,0,0,0,,,
levant_anatolia,Levant and Anatolia,road,L2_macro_regional_structural,none,0,0,0,,,
levant_anatolia,Levant and Anatolia,road,L3_strategic_connector,none,0,0,0,,,
levant_anatolia,Levant and Anatolia,inland_waterway,L1_global_structural,none,0,0,0,,,
levant_anatolia,Levant and Anatolia,inland_waterway,L2_macro_regional_structural,none,0,0,0,,,
levant_anatolia,Levant and Anatolia,inland_waterway,L3_strategic_connector,none,0,0,0,,,
levant_anatolia,Levant and Anatolia,intermodal_logistics,L1_global_structural,none,0,0,0,,,
levant_anatolia,Levant and Anatolia,intermodal_logistics,L2_macro_regional_structural,none,0,0,0,,,
levant_anatolia,Levant and Anatolia,intermodal_logistics,L3_strategic_connector,none,0,0,0,,,
levant_anatolia,Levant and Anatolia,air_cargo,L1_global_structural,none,0,0,0,,,
levant_anatolia,Levant and Anatolia,air_cargo,L2_macro_regional_structural,none,0,0,0,,,
levant_anatolia,Levant and Anatolia,air_cargo,L3_strategic_connector,none,0,0,0,,,
levant_anatolia,Levant and Anatolia,energy,L1_global_structural,none,0,0,0,,,
levant_anatolia,Levant and Anatolia,energy,L2_macro_regional_structural,none,0,0,0,,,
levant_anatolia,Levant and Anatolia,energy,L3_strategic_connector,none,0,0,0,,,
levant_anatolia,Levant and Anatolia,digital,L1_global_structural,none,0,0,0,,,
levant_anatolia,Levant and Anatolia,digital,L2_macro_regional_structural,none,0,0,0,,,
levant_anatolia,Levant and Anatolia,digital,L3_strategic_connector,none,0,0,0,,,
levant_anatolia,Levant and Anatolia,border_coordination,L1_global_structural,none,0,0,0,,,
levant_anatolia,Levant and Anatolia,border_coordination,L2_macro_regional_structural,none,0,0,0,,,
levant_anatolia,Levant and Anatolia,border_coordination,L3_strategic_connector,none,0,0,0,,,
levant_anatolia,Levant and Anatolia,strategic_storage,L1_global_structural,none,0,0,0,,,
levant_anatolia,Levant and Anatolia,strategic_storage,L2_macro_regional_structural,none,0,0,0,,,
levant_anatolia,Levant and Anatolia,strategic_storage,L3_strategic_connector,none,0,0,0,,,
south_asia,South Asia,maritime,L1_global_structural,none,0,0,0,,,
south_asia,South Asia,maritime,L2_macro_regional_structural,none,0,0,0,,,
south_asia,South Asia,maritime,L3_strategic_connector,none,0,0,0,,,
south_asia,South Asia,rail,L1_global_structural,none,0,0,0,,,
south_asia,South Asia,rail,L2_macro_regional_structural,none,0,0,0,,,
south_asia,South Asia,rail,L3_strategic_connector,none,0,0,0,,,
south_asia,South Asia,road,L1_global_structural,none,0,0,0,,,
south_asia,South Asia,road,L2_macro_regional_structural,none,0,0,0,,,
south_asia,South Asia,road,L3_strategic_connector,none,0,0,0,,,
south_asia,South Asia,inland_waterway,L1_global_structural,none,0,0,0,,,
south_asia,South Asia,inland_waterway,L2_macro_regional_structural,none,0,0,0,,,
south_asia,South Asia,inland_waterway,L3_strategic_connector,none,0,0,0,,,
south_asia,South Asia,intermodal_logistics,L1_global_structural,none,0,0,0,,,
south_asia,South Asia,intermodal_logistics,L2_macro_regional_structural,none,0,0,0,,,
south_asia,South Asia,intermodal_logistics,L3_strategic_connector,none,0,0,0,,,
south_asia,South Asia,air_cargo,L1_global_structural,none,0,0,0,,,
south_asia,South Asia,air_cargo,L2_macro_regional_structural,none,0,0,0,,,
south_asia,South Asia,air_cargo,L3_strategic_connector,none,0,0,0,,,
south_asia,South Asia,energy,L1_global_structural,none,0,0,0,,,
south_asia,South Asia,energy,L2_macro_regional_structural,none,0,0,0,,,
south_asia,South Asia,energy,L3_strategic_connector,none,0,0,0,,,
south_asia,South Asia,digital,L1_global_structural,none,0,0,0,,,
south_asia,South Asia,digital,L2_macro_regional_structural,none,0,0,0,,,
south_asia,South Asia,digital,L3_strategic_connector,none,0,0,0,,,
south_asia,South Asia,border_coordination,L1_global_structural,none,0,0,0,,,
south_asia,South Asia,border_coordination,L2_macro_regional_structural,none,0,0,0,,,
south_asia,South Asia,border_coordination,L3_strategic_connector,none,0,0,0,,,
south_asia,South Asia,strategic_storage,L1_global_structural,none,0,0,0,,,
south_asia,South Asia,strategic_storage,L2_macro_regional_structural,none,0,0,0,,,
south_asia,South Asia,strategic_storage,L3_strategic_connector,none,0,0,0,,,
southeast_asia,Southeast Asia,maritime,L1_global_structural,none,0,0,0,,,
southeast_asia,Southeast Asia,maritime,L2_macro_regional_structural,none,0,0,0,,,
southeast_asia,Southeast Asia,maritime,L3_strategic_connector,none,0,0,0,,,
southeast_asia,Southeast Asia,rail,L1_global_structural,none,0,0,0,,,
southeast_asia,Southeast Asia,rail,L2_macro_regional_structural,none,0,0,0,,,
southeast_asia,Southeast Asia,rail,L3_strategic_connector,none,0,0,0,,,
southeast_asia,Southeast Asia,road,L1_global_structural,none,0,0,0,,,
southeast_asia,Southeast Asia,road,L2_macro_regional_structural,none,0,0,0,,,
southeast_asia,Southeast Asia,road,L3_strategic_connector,none,0,0,0,,,
southeast_asia,Southeast Asia,inland_waterway,L1_global_structural,none,0,0,0,,,
southeast_asia,Southeast Asia,inland_waterway,L2_macro_regional_structural,none,0,0,0,,,
southeast_asia,Southeast Asia,inland_waterway,L3_strategic_connector,none,0,0,0,,,
southeast_asia,Southeast Asia,intermodal_logistics,L1_global_structural,none,0,0,0,,,
southeast_asia,Southeast Asia,intermodal_logistics,L2_macro_regional_structural,none,0,0,0,,,
southeast_asia,Southeast Asia,intermodal_logistics,L3_strategic_connector,none,0,0,0,,,
southeast_asia,Southeast Asia,air_cargo,L1_global_structural,none,0,0,0,,,
southeast_asia,Southeast Asia,air_cargo,L2_macro_regional_structural,none,0,0,0,,,
southeast_asia,Southeast Asia,air_cargo,L3_strategic_connector,none,0,0,0,,,
southeast_asia,Southeast Asia,energy,L1_global_structural,none,0,0,0,,,
southeast_asia,Southeast Asia,energy,L2_macro_regional_structural,none,0,0,0,,,
southeast_asia,Southeast Asia,energy,L3_strategic_connector,none,0,0,0,,,
southeast_asia,Southeast Asia,digital,L1_global_structural,none,0,0,0,,,
southeast_asia,Southeast Asia,digital,L2_macro_regional_structural,none,0,0,0,,,
southeast_asia,Southeast Asia,digital,L3_strategic_connector,none,0,0,0,,,
southeast_asia,Southeast Asia,border_coordination,L1_global_structural,none,0,0,0,,,
southeast_asia,Southeast Asia,border_coordination,L2_macro_regional_structural,none,0,0,0,,,
southeast_asia,Southeast Asia,border_coordination,L3_strategic_connector,none,0,0,0,,,
southeast_asia,Southeast Asia,strategic_storage,L1_global_structural,none,0,0,0,,,
southeast_asia,Southeast Asia,strategic_storage,L2_macro_regional_structural,none,0,0,0,,,
southeast_asia,Southeast Asia,strategic_storage,L3_strategic_connector,none,0,0,0,,,
china_east_asia,China and East Asia,maritime,L1_global_structural,none,0,0,0,,,
china_east_asia,China and East Asia,maritime,L2_macro_regional_structural,none,0,0,0,,,
china_east_asia,China and East Asia,maritime,L3_strategic_connector,none,0,0,0,,,
china_east_asia,China and East Asia,rail,L1_global_structural,none,0,0,0,,,
china_east_asia,China and East Asia,rail,L2_macro_regional_structural,none,0,0,0,,,
china_east_asia,China and East Asia,rail,L3_strategic_connector,none,0,0,0,,,
china_east_asia,China and East Asia,road,L1_global_structural,none,0,0,0,,,
china_east_asia,China and East Asia,road,L2_macro_regional_structural,none,0,0,0,,,
china_east_asia,China and East Asia,road,L3_strategic_connector,none,0,0,0,,,
china_east_asia,China and East Asia,inland_waterway,L1_global_structural,none,0,0,0,,,
china_east_asia,China and East Asia,inland_waterway,L2_macro_regional_structural,none,0,0,0,,,
china_east_asia,China and East Asia,inland_waterway,L3_strategic_connector,none,0,0,0,,,
china_east_asia,China and East Asia,intermodal_logistics,L1_global_structural,none,0,0,0,,,
china_east_asia,China and East Asia,intermodal_logistics,L2_macro_regional_structural,none,0,0,0,,,
china_east_asia,China and East Asia,intermodal_logistics,L3_strategic_connector,none,0,0,0,,,
china_east_asia,China and East Asia,air_cargo,L1_global_structural,none,0,0,0,,,
china_east_asia,China and East Asia,air_cargo,L2_macro_regional_structural,none,0,0,0,,,
china_east_asia,China and East Asia,air_cargo,L3_strategic_connector,none,0,0,0,,,
china_east_asia,China and East Asia,energy,L1_global_structural,none,0,0,0,,,
china_east_asia,China and East Asia,energy,L2_macro_regional_structural,none,0,0,0,,,
china_east_asia,China and East Asia,energy,L3_strategic_connector,none,0,0,0,,,
china_east_asia,China and East Asia,digital,L1_global_structural,none,0,0,0,,,
china_east_asia,China and East Asia,digital,L2_macro_regional_structural,none,0,0,0,,,
china_east_asia,China and East Asia,digital,L3_strategic_connector,none,0,0,0,,,
china_east_asia,China and East Asia,border_coordination,L1_global_structural,none,0,0,0,,,
china_east_asia,China and East Asia,border_coordination,L2_macro_regional_structural,none,0,0,0,,,
china_east_asia,China and East Asia,border_coordination,L3_strategic_connector,none,0,0,0,,,
china_east_asia,China and East Asia,strategic_storage,L1_global_structural,none,0,0,0,,,
china_east_asia,China and East Asia,strategic_storage,L2_macro_regional_structural,none,0,0,0,,,
china_east_asia,China and East Asia,strategic_storage,L3_strategic_connector,none,0,0,0,,,
japan_korean_peninsula,Japan and Korean Peninsula,maritime,L1_global_structural,none,0,0,0,,,
japan_korean_peninsula,Japan and Korean Peninsula,maritime,L2_macro_regional_structural,none,0,0,0,,,
japan_korean_peninsula,Japan and Korean Peninsula,maritime,L3_strategic_connector,none,0,0,0,,,
japan_korean_peninsula,Japan and Korean Peninsula,rail,L1_global_structural,none,0,0,0,,,
japan_korean_peninsula,Japan and Korean Peninsula,rail,L2_macro_regional_structural,none,0,0,0,,,
japan_korean_peninsula,Japan and Korean Peninsula,rail,L3_strategic_connector,none,0,0,0,,,
japan_korean_peninsula,Japan and Korean Peninsula,road,L1_global_structural,none,0,0,0,,,
japan_korean_peninsula,Japan and Korean Peninsula,road,L2_macro_regional_structural,none,0,0,0,,,
japan_korean_peninsula,Japan and Korean Peninsula,road,L3_strategic_connector,none,0,0,0,,,
japan_korean_peninsula,Japan and Korean Peninsula,inland_waterway,L1_global_structural,none,0,0,0,,,
japan_korean_peninsula,Japan and Korean Peninsula,inland_waterway,L2_macro_regional_structural,none,0,0,0,,,
japan_korean_peninsula,Japan and Korean Peninsula,inland_waterway,L3_strategic_connector,none,0,0,0,,,
japan_korean_peninsula,Japan and Korean Peninsula,intermodal_logistics,L1_global_structural,none,0,0,0,,,
japan_korean_peninsula,Japan and Korean Peninsula,intermodal_logistics,L2_macro_regional_structural,none,0,0,0,,,
japan_korean_peninsula,Japan and Korean Peninsula,intermodal_logistics,L3_strategic_connector,none,0,0,0,,,
japan_korean_peninsula,Japan and Korean Peninsula,air_cargo,L1_global_structural,none,0,0,0,,,
japan_korean_peninsula,Japan and Korean Peninsula,air_cargo,L2_macro_regional_structural,none,0,0,0,,,
japan_korean_peninsula,Japan and Korean Peninsula,air_cargo,L3_strategic_connector,none,0,0,0,,,
japan_korean_peninsula,Japan and Korean Peninsula,energy,L1_global_structural,none,0,0,0,,,
japan_korean_peninsula,Japan and Korean Peninsula,energy,L2_macro_regional_structural,none,0,0,0,,,
japan_korean_peninsula,Japan and Korean Peninsula,energy,L3_strategic_connector,none,0,0,0,,,
japan_korean_peninsula,Japan and Korean Peninsula,digital,L1_global_structural,none,0,0,0,,,
japan_korean_peninsula,Japan and Korean Peninsula,digital,L2_macro_regional_structural,none,0,0,0,,,
japan_korean_peninsula,Japan and Korean Peninsula,digital,L3_strategic_connector,none,0,0,0,,,
japan_korean_peninsula,Japan and Korean Peninsula,border_coordination,L1_global_structural,none,0,0,0,,,
japan_korean_peninsula,Japan and Korean Peninsula,border_coordination,L2_macro_regional_structural,none,0,0,0,,,
japan_korean_peninsula,Japan and Korean Peninsula,border_coordination,L3_strategic_connector,none,0,0,0,,,
japan_korean_peninsula,Japan and Korean Peninsula,strategic_storage,L1_global_structural,none,0,0,0,,,
japan_korean_peninsula,Japan and Korean Peninsula,strategic_storage,L2_macro_regional_structural,none,0,0,0,,,
japan_korean_peninsula,Japan and Korean Peninsula,strategic_storage,L3_strategic_connector,none,0,0,0,,,
oceania_pacific,Oceania and Pacific Islands,maritime,L1_global_structural,none,0,0,0,,,
oceania_pacific,Oceania and Pacific Islands,maritime,L2_macro_regional_structural,none,0,0,0,,,
oceania_pacific,Oceania and Pacific Islands,maritime,L3_strategic_connector,none,0,0,0,,,
oceania_pacific,Oceania and Pacific Islands,rail,L1_global_structural,none,0,0,0,,,
oceania_pacific,Oceania and Pacific Islands,rail,L2_macro_regional_structural,none,0,0,0,,,
oceania_pacific,Oceania and Pacific Islands,rail,L3_strategic_connector,none,0,0,0,,,
oceania_pacific,Oceania and Pacific Islands,road,L1_global_structural,none,0,0,0,,,
oceania_pacific,Oceania and Pacific Islands,road,L2_macro_regional_structural,none,0,0,0,,,
oceania_pacific,Oceania and Pacific Islands,road,L3_strategic_connector,none,0,0,0,,,
oceania_pacific,Oceania and Pacific Islands,inland_waterway,L1_global_structural,none,0,0,0,,,
oceania_pacific,Oceania and Pacific Islands,inland_waterway,L2_macro_regional_structural,none,0,0,0,,,
oceania_pacific,Oceania and Pacific Islands,inland_waterway,L3_strategic_connector,none,0,0,0,,,
oceania_pacific,Oceania and Pacific Islands,intermodal_logistics,L1_global_structural,none,0,0,0,,,
oceania_pacific,Oceania and Pacific Islands,intermodal_logistics,L2_macro_regional_structural,none,0,0,0,,,
oceania_pacific,Oceania and Pacific Islands,intermodal_logistics,L3_strategic_connector,none,0,0,0,,,
oceania_pacific,Oceania and Pacific Islands,air_cargo,L1_global_structural,none,0,0,0,,,
oceania_pacific,Oceania and Pacific Islands,air_cargo,L2_macro_regional_structural,none,0,0,0,,,
oceania_pacific,Oceania and Pacific Islands,air_cargo,L3_strategic_connector,none,0,0,0,,,
oceania_pacific,Oceania and Pacific Islands,energy,L1_global_structural,none,0,0,0,,,
oceania_pacific,Oceania and Pacific Islands,energy,L2_macro_regional_structural,none,0,0,0,,,
oceania_pacific,Oceania and Pacific Islands,energy,L3_strategic_connector,none,0,0,0,,,
oceania_pacific,Oceania and Pacific Islands,digital,L1_global_structural,none,0,0,0,,,
oceania_pacific,Oceania and Pacific Islands,digital,L2_macro_regional_structural,none,0,0,0,,,
oceania_pacific,Oceania and Pacific Islands,digital,L3_strategic_connector,none,0,0,0,,,
oceania_pacific,Oceania and Pacific Islands,border_coordination,L1_global_structural,none,0,0,0,,,
oceania_pacific,Oceania and Pacific Islands,border_coordination,L2_macro_regional_structural,none,0,0,0,,,
oceania_pacific,Oceania and Pacific Islands,border_coordination,L3_strategic_connector,none,0,0,0,,,
oceania_pacific,Oceania and Pacific Islands,strategic_storage,L1_global_structural,none,0,0,0,,,
oceania_pacific,Oceania and Pacific Islands,strategic_storage,L2_macro_regional_structural,none,0,0,0,,,
oceania_pacific,Oceania and Pacific Islands,strategic_storage,L3_strategic_connector,none,0,0,0,,,
arctic_polar,Arctic and Polar spaces,maritime,L1_global_structural,none,0,0,0,,,
arctic_polar,Arctic and Polar spaces,maritime,L2_macro_regional_structural,none,0,0,0,,,
arctic_polar,Arctic and Polar spaces,maritime,L3_strategic_connector,none,0,0,0,,,
arctic_polar,Arctic and Polar spaces,rail,L1_global_structural,none,0,0,0,,,
arctic_polar,Arctic and Polar spaces,rail,L2_macro_regional_structural,none,0,0,0,,,
arctic_polar,Arctic and Polar spaces,rail,L3_strategic_connector,none,0,0,0,,,
arctic_polar,Arctic and Polar spaces,road,L1_global_structural,none,0,0,0,,,
arctic_polar,Arctic and Polar spaces,road,L2_macro_regional_structural,none,0,0,0,,,
arctic_polar,Arctic and Polar spaces,road,L3_strategic_connector,none,0,0,0,,,
arctic_polar,Arctic and Polar spaces,inland_waterway,L1_global_structural,none,0,0,0,,,
arctic_polar,Arctic and Polar spaces,inland_waterway,L2_macro_regional_structural,none,0,0,0,,,
arctic_polar,Arctic and Polar spaces,inland_waterway,L3_strategic_connector,none,0,0,0,,,
arctic_polar,Arctic and Polar spaces,intermodal_logistics,L1_global_structural,none,0,0,0,,,
arctic_polar,Arctic and Polar spaces,intermodal_logistics,L2_macro_regional_structural,none,0,0,0,,,
arctic_polar,Arctic and Polar spaces,intermodal_logistics,L3_strategic_connector,none,0,0,0,,,
arctic_polar,Arctic and Polar spaces,air_cargo,L1_global_structural,none,0,0,0,,,
arctic_polar,Arctic and Polar spaces,air_cargo,L2_macro_regional_structural,none,0,0,0,,,
arctic_polar,Arctic and Polar spaces,air_cargo,L3_strategic_connector,none,0,0,0,,,
arctic_polar,Arctic and Polar spaces,energy,L1_global_structural,none,0,0,0,,,
arctic_polar,Arctic and Polar spaces,energy,L2_macro_regional_structural,none,0,0,0,,,
arctic_polar,Arctic and Polar spaces,energy,L3_strategic_connector,none,0,0,0,,,
arctic_polar,Arctic and Polar spaces,digital,L1_global_structural,none,0,0,0,,,
arctic_polar,Arctic and Polar spaces,digital,L2_macro_regional_structural,none,0,0,0,,,
arctic_polar,Arctic and Polar spaces,digital,L3_strategic_connector,none,0,0,0,,,
arctic_polar,Arctic and Polar spaces,border_coordination,L1_global_structural,none,0,0,0,,,
arctic_polar,Arctic and Polar spaces,border_coordination,L2_macro_regional_structural,none,0,0,0,,,
arctic_polar,Arctic and Polar spaces,border_coordination,L3_strategic_connector,none,0,0,0,,,
arctic_polar,Arctic and Polar spaces,strategic_storage,L1_global_structural,none,0,0,0,,,
arctic_polar,Arctic and Polar spaces,strategic_storage,L2_macro_regional_structural,none,0,0,0,,,
arctic_polar,Arctic and Polar spaces,strategic_storage,L3_strategic_connector,none,0,0,0,,,
